23;POLIGNY;Laurent;laurent.poligny@ibisc.univ-evry.fr
22;NZENZA;J-m;toukeuz@hotmail.com
21;BLUM;Simon;simon51100@gmail.com
20;LAVASTE;Lorraine;lorraine_lavaste@hotmail.fr
17;BARCHI;Yassir;yassir.barchi@gmail.com
13;PINTO;Lucas;pinto1904@gmail.com
12;NZENZA;Jean-marc;jm.nzenza@gmail.com
11;PREVEAUX;Marine;marine.preveaux@gmail.com
10;AUBERTON;Aymeric;a.auberton@gmail.com
4;TRIQUET;Virgil;virgil.triquet@gmail.com
2;BRIVOIS;Kevin;kevbriv@hotmail.fr
1;AUBERTON;Aymeric;aymeric.auberton@hotmail.fr
